country_iso3,country_name,year,agency,rating,outlook,action,action_date,rating_score,provenance,data_note
DEU,Germany,2000,S&P,AAA,Stable,assign,2000-07-16,21,synthetic_demo_only,SYNTHETIC DEMO DATA — generated by scripts/make_sample_data.py. NOT real sovereign ratings. Do not use for empirical conclusions.
TUR,Turkiye,2014,Moody's,Ba3,Stable,upgrade,2014-10-11,9,synthetic_demo_only,SYNTHETIC DEMO DATA — generated by scripts/make_sample_data.py. NOT real sovereign ratings. Do not use for empirical conclusions.
GBR,United Kingdom,2011,Fitch,AA,Stable,downgrade,2011-08-14,19,synthetic_demo_only,SYNTHETIC DEMO DATA — generated by scripts/make_sample_data.py. NOT real sovereign ratings. Do not use for empirical conclusions.
MEX,Mexico,2000,Fitch,BBB-,Stable,assign,2000-12-06,12,synthetic_demo_only,SYNTHETIC DEMO DATA — generated by scripts/make_sample_data.py. NOT real sovereign ratings. Do not use for empirical conclusions.
GBR,United Kingdom,2013,Moody's,Aa3,Stable,downgrade,2013-11-18,18,synthetic_demo_only,SYNTHETIC DEMO DATA — generated by scripts/make_sample_data.py. NOT real sovereign ratings. Do not use for empirical conclusions.
TUR,Turkiye,2023,Fitch,B+,Stable,downgrade,2023-01-02,8,synthetic_demo_only,SYNTHETIC DEMO DATA — generated by scripts/make_sample_data.py. NOT real sovereign ratings. Do not use for empirical conclusions.
GBR,United Kingdom,2000,Moody's,Aa1,Stable,assign,2000-12-18,20,synthetic_demo_only,SYNTHETIC DEMO DATA — generated by scripts/make_sample_data.py. NOT real sovereign ratings. Do not use for empirical conclusions.
ARG,Argentina,2004,S&P,CCC,Stable,upgrade,2004-12-10,4,synthetic_demo_only,SYNTHETIC DEMO DATA — generated by scripts/make_sample_data.py. NOT real sovereign ratings. Do not use for empirical conclusions.
TUR,Turkiye,2014,Fitch,BB-,Stable,upgrade,2014-03-23,9,synthetic_demo_only,SYNTHETIC DEMO DATA — generated by scripts/make_sample_data.py. NOT real sovereign ratings. Do not use for empirical conclusions.
ARG,Argentina,2015,Moody's,Caa3,Stable,downgrade,2015-03-25,3,synthetic_demo_only,SYNTHETIC DEMO DATA — generated by scripts/make_sample_data.py. NOT real sovereign ratings. Do not use for empirical conclusions.
GBR,United Kingdom,2014,Moody's,Aa2,Stable,upgrade,2014-01-15,19,synthetic_demo_only,SYNTHETIC DEMO DATA — generated by scripts/make_sample_data.py. NOT real sovereign ratings. Do not use for empirical conclusions.
NGA,Nigeria,2006,S&P,B,Stable,upgrade,2006-06-13,7,synthetic_demo_only,SYNTHETIC DEMO DATA — generated by scripts/make_sample_data.py. NOT real sovereign ratings. Do not use for empirical conclusions.
ARG,Argentina,2001,S&P,C/D,Negative,downgrade,2001-01-09,1,synthetic_demo_only,SYNTHETIC DEMO DATA — generated by scripts/make_sample_data.py. NOT real sovereign ratings. Do not use for empirical conclusions.
IND,India,2022,Moody's,Ba1,Stable,upgrade,2022-02-10,11,synthetic_demo_only,SYNTHETIC DEMO DATA — generated by scripts/make_sample_data.py. NOT real sovereign ratings. Do not use for empirical conclusions.
JPN,Japan,2015,Fitch,AA-,n/a,downgrade,2015-10-18,18,synthetic_demo_only,SYNTHETIC DEMO DATA — generated by scripts/make_sample_data.py. NOT real sovereign ratings. Do not use for empirical conclusions.
JPN,Japan,2003,Fitch,A+,Stable,downgrade,2003-09-18,17,synthetic_demo_only,SYNTHETIC DEMO DATA — generated by scripts/make_sample_data.py. NOT real sovereign ratings. Do not use for empirical conclusions.
CHN,China,2000,Moody's,A3,Stable,assign,2000-03-05,15,synthetic_demo_only,SYNTHETIC DEMO DATA — generated by scripts/make_sample_data.py. NOT real sovereign ratings. Do not use for empirical conclusions.
MEX,Mexico,2013,S&P,BBB-,,downgrade,2013-05-23,12,synthetic_demo_only,SYNTHETIC DEMO DATA — generated by scripts/make_sample_data.py. NOT real sovereign ratings. Do not use for empirical conclusions.
IDN,Indonesia,2000,Fitch,BBB-u,Stable,assign,2000-08-21,12,synthetic_demo_only,SYNTHETIC DEMO DATA — generated by scripts/make_sample_data.py. NOT real sovereign ratings. Do not use for empirical conclusions.
RUS,Russian Federation,2015,S&P,CCC,Stable,downgrade,2015-04-01,4,synthetic_demo_only,SYNTHETIC DEMO DATA — generated by scripts/make_sample_data.py. NOT real sovereign ratings. Do not use for empirical conclusions.
DEU,Germany,2021,Moody's,Aa1,Stable,downgrade,2021-08-09,20,synthetic_demo_only,SYNTHETIC DEMO DATA — generated by scripts/make_sample_data.py. NOT real sovereign ratings. Do not use for empirical conclusions.
KOR,"Korea, Rep.",2000,Fitch,Au,Stable,assign,2000-11-06,16,synthetic_demo_only,SYNTHETIC DEMO DATA — generated by scripts/make_sample_data.py. NOT real sovereign ratings. Do not use for empirical conclusions.
BRA,Brazil,2018,Fitch,BB+,Stable,upgrade,2018-07-21,11,synthetic_demo_only,SYNTHETIC DEMO DATA — generated by scripts/make_sample_data.py. NOT real sovereign ratings. Do not use for empirical conclusions.
USA,United States,2000,S&P,AAA,Developing,assign,2000-02-27,21,synthetic_demo_only,SYNTHETIC DEMO DATA — generated by scripts/make_sample_data.py. NOT real sovereign ratings. Do not use for empirical conclusions.
ZAF,South Africa,2015,S&P,BB-,Stable,downgrade,2015-09-16,9,synthetic_demo_only,SYNTHETIC DEMO DATA — generated by scripts/make_sample_data.py. NOT real sovereign ratings. Do not use for empirical conclusions.
NGA,Nigeria,2000,Fitch,B,Stable,assign,2000-11-22,7,synthetic_demo_only,SYNTHETIC DEMO DATA — generated by scripts/make_sample_data.py. NOT real sovereign ratings. Do not use for empirical conclusions.
CHN,China,2022,Fitch,AA-,Stable,upgrade,2022-05-16,18,synthetic_demo_only,SYNTHETIC DEMO DATA — generated by scripts/make_sample_data.py. NOT real sovereign ratings. Do not use for empirical conclusions.
NGA,Nigeria,2005,S&P,B-,Stable,downgrade,2005-12-12,6,synthetic_demo_only,SYNTHETIC DEMO DATA — generated by scripts/make_sample_data.py. NOT real sovereign ratings. Do not use for empirical conclusions.
JPN,Japan,2016,Moody's,Aa2,Stable,upgrade,2016-09-25,19,synthetic_demo_only,SYNTHETIC DEMO DATA — generated by scripts/make_sample_data.py. NOT real sovereign ratings. Do not use for empirical conclusions.
ARG,Argentina,2013,Moody's,Caa2,Stable,downgrade,2013-03-21,4,synthetic_demo_only,SYNTHETIC DEMO DATA — generated by scripts/make_sample_data.py. NOT real sovereign ratings. Do not use for empirical conclusions.
RUS,Russian Federation,2022,S&P,CCC,Stable,downgrade,2022-12-06,4,synthetic_demo_only,SYNTHETIC DEMO DATA — generated by scripts/make_sample_data.py. NOT real sovereign ratings. Do not use for empirical conclusions.
TUR,Turkiye,2021,S&P,BB,Stable,upgrade,2021-12-03,10,synthetic_demo_only,SYNTHETIC DEMO DATA — generated by scripts/make_sample_data.py. NOT real sovereign ratings. Do not use for empirical conclusions.
NGA,Nigeria,2015,Moody's,B2,Developing,downgrade,2015-02-01,7,synthetic_demo_only,SYNTHETIC DEMO DATA — generated by scripts/make_sample_data.py. NOT real sovereign ratings. Do not use for empirical conclusions.
JPN,Japan,2018,S&P,AA,Stable,upgrade,2018-09-24,19,synthetic_demo_only,SYNTHETIC DEMO DATA — generated by scripts/make_sample_data.py. NOT real sovereign ratings. Do not use for empirical conclusions.
ITA,Italy,2005,S&P,A-,Stable,upgrade,2005-08-05,15,synthetic_demo_only,SYNTHETIC DEMO DATA — generated by scripts/make_sample_data.py. NOT real sovereign ratings. Do not use for empirical conclusions.
TUR,Turkiye,2000,Moody's,B1,Stable,assign,2000-05-06,8,synthetic_demo_only,SYNTHETIC DEMO DATA — generated by scripts/make_sample_data.py. NOT real sovereign ratings. Do not use for empirical conclusions.
ARG,Argentina,2008,Moody's,Caa3,Stable,upgrade,2008-05-13,3,synthetic_demo_only,SYNTHETIC DEMO DATA — generated by scripts/make_sample_data.py. NOT real sovereign ratings. Do not use for empirical conclusions.
KOR,"Korea, Rep.",2017,S&P,A,Stable,downgrade,2017-06-09,16,synthetic_demo_only,SYNTHETIC DEMO DATA — generated by scripts/make_sample_data.py. NOT real sovereign ratings. Do not use for empirical conclusions.
BRA,Brazil,2003,S&P,BB-,Stable,downgrade,2003-12-07,9,synthetic_demo_only,SYNTHETIC DEMO DATA — generated by scripts/make_sample_data.py. NOT real sovereign ratings. Do not use for empirical conclusions.
USA,United States,2000,Fitch,AAA,Stable,assign,2000-06-10,21,synthetic_demo_only,SYNTHETIC DEMO DATA — generated by scripts/make_sample_data.py. NOT real sovereign ratings. Do not use for empirical conclusions.
MEX,Mexico,2000,S&P,BBB-,Stable,assign,2000-10-26,12,synthetic_demo_only,SYNTHETIC DEMO DATA — generated by scripts/make_sample_data.py. NOT real sovereign ratings. Do not use for empirical conclusions.
ESP,Spain,2000,Fitch,A,Stable,assign,2000-02-12,16,synthetic_demo_only,SYNTHETIC DEMO DATA — generated by scripts/make_sample_data.py. NOT real sovereign ratings. Do not use for empirical conclusions.
ARG,Argentina,2015,S&P,CCC+,Stable,upgrade,2015-10-14,5,synthetic_demo_only,SYNTHETIC DEMO DATA — generated by scripts/make_sample_data.py. NOT real sovereign ratings. Do not use for empirical conclusions.
USA,United States,2011,S&P,AAAu,Stable,upgrade,2011-07-20,21,synthetic_demo_only,SYNTHETIC DEMO DATA — generated by scripts/make_sample_data.py. NOT real sovereign ratings. Do not use for empirical conclusions.
IDN,Indonesia,2022,Fitch,BBB-,Stable,downgrade,2022-03-23,12,synthetic_demo_only,SYNTHETIC DEMO DATA — generated by scripts/make_sample_data.py. NOT real sovereign ratings. Do not use for empirical conclusions.
USA,United States,2021,Moody's,Aaa,Stable,upgrade,2021-02-18,21,synthetic_demo_only,SYNTHETIC DEMO DATA — generated by scripts/make_sample_data.py. NOT real sovereign ratings. Do not use for empirical conclusions.
TUR,Turkiye,2000,Fitch,B+,Stable,assign,2000-03-08,8,synthetic_demo_only,SYNTHETIC DEMO DATA — generated by scripts/make_sample_data.py. NOT real sovereign ratings. Do not use for empirical conclusions.
BRA,Brazil,2000,Moody's,Ba2,Stable,assign,2000-05-07,10,synthetic_demo_only,SYNTHETIC DEMO DATA — generated by scripts/make_sample_data.py. NOT real sovereign ratings. Do not use for empirical conclusions.
NGA,Nigeria,2017,Moody's,Ba3,Stable,upgrade,2017-11-19,9,synthetic_demo_only,SYNTHETIC DEMO DATA — generated by scripts/make_sample_data.py. NOT real sovereign ratings. Do not use for empirical conclusions.
CHN,China,2003,Moody's,Baa1,Stable,downgrade,2003-10-16,14,synthetic_demo_only,SYNTHETIC DEMO DATA — generated by scripts/make_sample_data.py. NOT real sovereign ratings. Do not use for empirical conclusions.
CHN,China,2021,Moody's,A2,Stable,upgrade,2021-11-01,16,synthetic_demo_only,SYNTHETIC DEMO DATA — generated by scripts/make_sample_data.py. NOT real sovereign ratings. Do not use for empirical conclusions.
USA,United States,2007,S&P,AA+,Stable,downgrade,2007-05-15,20,synthetic_demo_only,SYNTHETIC DEMO DATA — generated by scripts/make_sample_data.py. NOT real sovereign ratings. Do not use for empirical conclusions.
FRA,France,2005,Fitch,AA+,Stable,downgrade,2005-08-19,20,synthetic_demo_only,SYNTHETIC DEMO DATA — generated by scripts/make_sample_data.py. NOT real sovereign ratings. Do not use for empirical conclusions.
FRA,France,2000,Fitch,AA,Stable,assign,2000-10-16,19,synthetic_demo_only,SYNTHETIC DEMO DATA — generated by scripts/make_sample_data.py. NOT real sovereign ratings. Do not use for empirical conclusions.
BRA,Brazil,2000,Fitch,BB,Stable,assign,2000-06-24,10,synthetic_demo_only,SYNTHETIC DEMO DATA — generated by scripts/make_sample_data.py. NOT real sovereign ratings. Do not use for empirical conclusions.
JPN,Japan,2000,Fitch,AA-u,Stable,assign,2000-08-26,18,synthetic_demo_only,SYNTHETIC DEMO DATA — generated by scripts/make_sample_data.py. NOT real sovereign ratings. Do not use for empirical conclusions.
RUS,Russian Federation,2009,S&P,B+,Stable,downgrade,2009-04-15,8,synthetic_demo_only,SYNTHETIC DEMO DATA — generated by scripts/make_sample_data.py. NOT real sovereign ratings. Do not use for empirical conclusions.
IND,India,2004,Fitch,BB,Stable,downgrade,2004-08-02,10,synthetic_demo_only,SYNTHETIC DEMO DATA — generated by scripts/make_sample_data.py. NOT real sovereign ratings. Do not use for empirical conclusions.
IDN,Indonesia,2020,Moody's,Baa2,Stable,downgrade,2020-12-15,13,synthetic_demo_only,SYNTHETIC DEMO DATA — generated by scripts/make_sample_data.py. NOT real sovereign ratings. Do not use for empirical conclusions.
CHN,China,2020,S&P,A+,Stable,upgrade,2020-02-26,17,synthetic_demo_only,SYNTHETIC DEMO DATA — generated by scripts/make_sample_data.py. NOT real sovereign ratings. Do not use for empirical conclusions.
BRA,Brazil,2005,Moody's,Ba3,Stable,downgrade,2005-07-13,9,synthetic_demo_only,SYNTHETIC DEMO DATA — generated by scripts/make_sample_data.py. NOT real sovereign ratings. Do not use for empirical conclusions.
DEU,Germany,2006,Moody's,Aaa,Stable,upgrade,2006-11-26,21,synthetic_demo_only,SYNTHETIC DEMO DATA — generated by scripts/make_sample_data.py. NOT real sovereign ratings. Do not use for empirical conclusions.
KOR,"Korea, Rep.",2000,S&P,A,Stable,assign,2000-06-14,16,synthetic_demo_only,SYNTHETIC DEMO DATA — generated by scripts/make_sample_data.py. NOT real sovereign ratings. Do not use for empirical conclusions.
ESP,Spain,2000,Moody's,A2,Stable,assign,2000-05-23,16,synthetic_demo_only,SYNTHETIC DEMO DATA — generated by scripts/make_sample_data.py. NOT real sovereign ratings. Do not use for empirical conclusions.
ARG,Argentina,2008,S&P,CCC+,Stable,downgrade,2008-11-27,5,synthetic_demo_only,SYNTHETIC DEMO DATA — generated by scripts/make_sample_data.py. NOT real sovereign ratings. Do not use for empirical conclusions.
JPN,Japan,2017,Moody's,Aa3,Stable,downgrade,2017-07-16,18,synthetic_demo_only,SYNTHETIC DEMO DATA — generated by scripts/make_sample_data.py. NOT real sovereign ratings. Do not use for empirical conclusions.
RUS,Russian Federation,2000,S&P,BB-,Developing,assign,2000-03-02,9,synthetic_demo_only,SYNTHETIC DEMO DATA — generated by scripts/make_sample_data.py. NOT real sovereign ratings. Do not use for empirical conclusions.
TUR,Turkiye,2004,Moody's,B2,Stable,downgrade,2004-09-25,7,synthetic_demo_only,SYNTHETIC DEMO DATA — generated by scripts/make_sample_data.py. NOT real sovereign ratings. Do not use for empirical conclusions.
USA,United States,2018,Fitch,AA+,Stable,downgrade,2018-04-10,20,synthetic_demo_only,SYNTHETIC DEMO DATA — generated by scripts/make_sample_data.py. NOT real sovereign ratings. Do not use for empirical conclusions.
FRA,France,2016,S&P,AA+,Stable,upgrade,2016-08-27,20,synthetic_demo_only,SYNTHETIC DEMO DATA — generated by scripts/make_sample_data.py. NOT real sovereign ratings. Do not use for empirical conclusions.
ARG,Argentina,2000,Moody's,Caa2,Stable,assign,2000-11-02,4,synthetic_demo_only,SYNTHETIC DEMO DATA — generated by scripts/make_sample_data.py. NOT real sovereign ratings. Do not use for empirical conclusions.
DEU,Germany,2005,Moody's,Aa1,Stable,upgrade,2005-03-13,20,synthetic_demo_only,SYNTHETIC DEMO DATA — generated by scripts/make_sample_data.py. NOT real sovereign ratings. Do not use for empirical conclusions.
ITA,Italy,2014,Moody's,Baa1,Stable,upgrade,2014-10-22,14,synthetic_demo_only,SYNTHETIC DEMO DATA — generated by scripts/make_sample_data.py. NOT real sovereign ratings. Do not use for empirical conclusions.
ARG,Argentina,2006,Moody's,Ca,Stable,upgrade,2006-07-21,2,synthetic_demo_only,SYNTHETIC DEMO DATA — generated by scripts/make_sample_data.py. NOT real sovereign ratings. Do not use for empirical conclusions.
TUR,Turkiye,2019,Moody's,B2,Stable,downgrade,2019-12-14,7,synthetic_demo_only,SYNTHETIC DEMO DATA — generated by scripts/make_sample_data.py. NOT real sovereign ratings. Do not use for empirical conclusions.
FRA,France,2008,Moody's,A1,Stable,downgrade,2008-03-27,17,synthetic_demo_only,SYNTHETIC DEMO DATA — generated by scripts/make_sample_data.py. NOT real sovereign ratings. Do not use for empirical conclusions.
USA,United States,2012,Moody's,Aaa,n/a,upgrade,2012-05-19,21,synthetic_demo_only,SYNTHETIC DEMO DATA — generated by scripts/make_sample_data.py. NOT real sovereign ratings. Do not use for empirical conclusions.
CHN,China,2000,S&P,A-,Stable,assign,2000-09-27,15,synthetic_demo_only,SYNTHETIC DEMO DATA — generated by scripts/make_sample_data.py. NOT real sovereign ratings. Do not use for empirical conclusions.
GBR,United Kingdom,2005,Fitch,AAA,n/a,upgrade,2005-10-11,21,synthetic_demo_only,SYNTHETIC DEMO DATA — generated by scripts/make_sample_data.py. NOT real sovereign ratings. Do not use for empirical conclusions.
NGA,Nigeria,2013,S&P,BB+,Stable,upgrade,2013-04-26,11,synthetic_demo_only,SYNTHETIC DEMO DATA — generated by scripts/make_sample_data.py. NOT real sovereign ratings. Do not use for empirical conclusions.
CHN,China,2003,S&P,A-,Stable,downgrade,2003-07-10,15,synthetic_demo_only,SYNTHETIC DEMO DATA — generated by scripts/make_sample_data.py. NOT real sovereign ratings. Do not use for empirical conclusions.
ZAF,South Africa,2009,Moody's,Ba1,Stable,upgrade,2009-06-11,11,synthetic_demo_only,SYNTHETIC DEMO DATA — generated by scripts/make_sample_data.py. NOT real sovereign ratings. Do not use for empirical conclusions.
TUR,Turkiye,2021,Moody's,B1,Stable,upgrade,2021-02-07,8,synthetic_demo_only,SYNTHETIC DEMO DATA — generated by scripts/make_sample_data.py. NOT real sovereign ratings. Do not use for empirical conclusions.
IDN,Indonesia,2000,Moody's,Baa3,Stable,assign,2000-01-23,12,synthetic_demo_only,SYNTHETIC DEMO DATA — generated by scripts/make_sample_data.py. NOT real sovereign ratings. Do not use for empirical conclusions.
MEX,Mexico,2015,Moody's,Ba1,Stable,downgrade,2015-01-13,11,synthetic_demo_only,SYNTHETIC DEMO DATA — generated by scripts/make_sample_data.py. NOT real sovereign ratings. Do not use for empirical conclusions.
KOR,"Korea, Rep.",2021,Fitch,A-,Stable,downgrade,2021-04-27,15,synthetic_demo_only,SYNTHETIC DEMO DATA — generated by scripts/make_sample_data.py. NOT real sovereign ratings. Do not use for empirical conclusions.
RUS,Russian Federation,2012,Fitch,BB+,Stable,upgrade,2012-08-20,11,synthetic_demo_only,SYNTHETIC DEMO DATA — generated by scripts/make_sample_data.py. NOT real sovereign ratings. Do not use for empirical conclusions.
NGA,Nigeria,2004,S&P,B+,Stable,downgrade,2004-02-14,8,synthetic_demo_only,SYNTHETIC DEMO DATA — generated by scripts/make_sample_data.py. NOT real sovereign ratings. Do not use for empirical conclusions.
ARG,Argentina,2018,Fitch,C/D,n/a,downgrade,2018-06-19,1,synthetic_demo_only,SYNTHETIC DEMO DATA — generated by scripts/make_sample_data.py. NOT real sovereign ratings. Do not use for empirical conclusions.
TUR,Turkiye,2003,Fitch,BB-,Stable,upgrade,2003-01-16,9,synthetic_demo_only,SYNTHETIC DEMO DATA — generated by scripts/make_sample_data.py. NOT real sovereign ratings. Do not use for empirical conclusions.
ITA,Italy,2013,Fitch,BB+,Stable,upgrade,2013-06-16,11,synthetic_demo_only,SYNTHETIC DEMO DATA — generated by scripts/make_sample_data.py. NOT real sovereign ratings. Do not use for empirical conclusions.
ITA,Italy,2000,Fitch,BBB+,Stable,assign,2000-09-10,14,synthetic_demo_only,SYNTHETIC DEMO DATA — generated by scripts/make_sample_data.py. NOT real sovereign ratings. Do not use for empirical conclusions.
ITA,Italy,2010,Moody's,Baa3,Stable,upgrade,2010-03-19,12,synthetic_demo_only,SYNTHETIC DEMO DATA — generated by scripts/make_sample_data.py. NOT real sovereign ratings. Do not use for empirical conclusions.
ITA,Italy,2020,S&P,BBB+,Stable,downgrade,2020-05-13,14,synthetic_demo_only,SYNTHETIC DEMO DATA — generated by scripts/make_sample_data.py. NOT real sovereign ratings. Do not use for empirical conclusions.
RUS,Russian Federation,2005,S&P,BB-u,Stable,downgrade,2005-07-11,9,synthetic_demo_only,SYNTHETIC DEMO DATA — generated by scripts/make_sample_data.py. NOT real sovereign ratings. Do not use for empirical conclusions.
ESP,Spain,2000,S&P,A,Stable,assign,2000-05-13,16,synthetic_demo_only,SYNTHETIC DEMO DATA — generated by scripts/make_sample_data.py. NOT real sovereign ratings. Do not use for empirical conclusions.
ARG,Argentina,2019,Moody's,C,Negative,downgrade,2019-04-27,1,synthetic_demo_only,SYNTHETIC DEMO DATA — generated by scripts/make_sample_data.py. NOT real sovereign ratings. Do not use for empirical conclusions.
GBR,United Kingdom,2008,S&P,AA+,Stable,downgrade,2008-05-13,20,synthetic_demo_only,SYNTHETIC DEMO DATA — generated by scripts/make_sample_data.py. NOT real sovereign ratings. Do not use for empirical conclusions.
NGA,Nigeria,2000,Moody's,B2,Stable,assign,2000-02-07,7,synthetic_demo_only,SYNTHETIC DEMO DATA — generated by scripts/make_sample_data.py. NOT real sovereign ratings. Do not use for empirical conclusions.
TUR,Turkiye,2016,S&P,B,Stable,downgrade,2016-04-08,7,synthetic_demo_only,SYNTHETIC DEMO DATA — generated by scripts/make_sample_data.py. NOT real sovereign ratings. Do not use for empirical conclusions.
IDN,Indonesia,2000,S&P,BBB-,,assign,2000-04-19,12,synthetic_demo_only,SYNTHETIC DEMO DATA — generated by scripts/make_sample_data.py. NOT real sovereign ratings. Do not use for empirical conclusions.
ARG,Argentina,2012,Fitch,B-,Stable,upgrade,,6,synthetic_demo_only,SYNTHETIC DEMO DATA — generated by scripts/make_sample_data.py. NOT real sovereign ratings. Do not use for empirical conclusions.
BRA,Brazil,2012,S&P,BBB-,Stable,upgrade,2012-02-12,12,synthetic_demo_only,SYNTHETIC DEMO DATA — generated by scripts/make_sample_data.py. NOT real sovereign ratings. Do not use for empirical conclusions.
ITA,Italy,2010,Fitch,BBB-,Stable,downgrade,2010-07-23,12,synthetic_demo_only,SYNTHETIC DEMO DATA — generated by scripts/make_sample_data.py. NOT real sovereign ratings. Do not use for empirical conclusions.
ITA,Italy,2017,S&P,A-,Developing,upgrade,2017-04-17,15,synthetic_demo_only,SYNTHETIC DEMO DATA — generated by scripts/make_sample_data.py. NOT real sovereign ratings. Do not use for empirical conclusions.
ZAF,South Africa,2003,Fitch,BBB-,Stable,upgrade,2003-10-03,12,synthetic_demo_only,SYNTHETIC DEMO DATA — generated by scripts/make_sample_data.py. NOT real sovereign ratings. Do not use for empirical conclusions.
ESP,Spain,2012,Moody's,Baa1,Stable,downgrade,2012-01-03,14,synthetic_demo_only,SYNTHETIC DEMO DATA — generated by scripts/make_sample_data.py. NOT real sovereign ratings. Do not use for empirical conclusions.
NGA,Nigeria,2018,Moody's,Ba2,Stable,upgrade,2018-02-04,10,synthetic_demo_only,SYNTHETIC DEMO DATA — generated by scripts/make_sample_data.py. NOT real sovereign ratings. Do not use for empirical conclusions.
CHN,China,2002,S&P,A+,Stable,upgrade,2002-10-19,17,synthetic_demo_only,SYNTHETIC DEMO DATA — generated by scripts/make_sample_data.py. NOT real sovereign ratings. Do not use for empirical conclusions.
TUR,Turkiye,2019,S&P,BB-,Stable,upgrade,2019-09-08,9,synthetic_demo_only,SYNTHETIC DEMO DATA — generated by scripts/make_sample_data.py. NOT real sovereign ratings. Do not use for empirical conclusions.
IDN,Indonesia,2016,Moody's,Baa1,Stable,upgrade,2016-05-09,14,synthetic_demo_only,SYNTHETIC DEMO DATA — generated by scripts/make_sample_data.py. NOT real sovereign ratings. Do not use for empirical conclusions.
GBR,United Kingdom,2012,Moody's,Aa1,Stable,upgrade,,20,synthetic_demo_only,SYNTHETIC DEMO DATA — generated by scripts/make_sample_data.py. NOT real sovereign ratings. Do not use for empirical conclusions.
GBR,United Kingdom,2000,Fitch,AA+,Stable,assign,2000-06-23,20,synthetic_demo_only,SYNTHETIC DEMO DATA — generated by scripts/make_sample_data.py. NOT real sovereign ratings. Do not use for empirical conclusions.
GBR,United Kingdom,2006,Moody's,Aa1,Stable,downgrade,2006-11-19,20,synthetic_demo_only,SYNTHETIC DEMO DATA — generated by scripts/make_sample_data.py. NOT real sovereign ratings. Do not use for empirical conclusions.
GBR,United Kingdom,2012,S&P,AAA,Stable,upgrade,2012-04-19,21,synthetic_demo_only,SYNTHETIC DEMO DATA — generated by scripts/make_sample_data.py. NOT real sovereign ratings. Do not use for empirical conclusions.
DEU,Germany,2001,Moody's,Aa1,Developing,downgrade,2001-08-09,20,synthetic_demo_only,SYNTHETIC DEMO DATA — generated by scripts/make_sample_data.py. NOT real sovereign ratings. Do not use for empirical conclusions.
JPN,Japan,2016,S&P,AA-,Stable,upgrade,2016-04-12,18,synthetic_demo_only,SYNTHETIC DEMO DATA — generated by scripts/make_sample_data.py. NOT real sovereign ratings. Do not use for empirical conclusions.
BRA,Brazil,2000,S&P,BB,Stable,assign,2000-08-09,10,synthetic_demo_only,SYNTHETIC DEMO DATA — generated by scripts/make_sample_data.py. NOT real sovereign ratings. Do not use for empirical conclusions.
ARG,Argentina,2000,Fitch,CCCu,,assign,2000-04-19,4,synthetic_demo_only,SYNTHETIC DEMO DATA — generated by scripts/make_sample_data.py. NOT real sovereign ratings. Do not use for empirical conclusions.
ARG,Argentina,2002,Moody's,C,Watch-Negative,downgrade,2002-12-19,1,synthetic_demo_only,SYNTHETIC DEMO DATA — generated by scripts/make_sample_data.py. NOT real sovereign ratings. Do not use for empirical conclusions.
RUS,Russian Federation,2022,Fitch,CCC-,n/a,downgrade,2022-06-18,3,synthetic_demo_only,SYNTHETIC DEMO DATA — generated by scripts/make_sample_data.py. NOT real sovereign ratings. Do not use for empirical conclusions.
IDN,Indonesia,2019,S&P,BBB,Stable,upgrade,2019-02-06,13,synthetic_demo_only,SYNTHETIC DEMO DATA — generated by scripts/make_sample_data.py. NOT real sovereign ratings. Do not use for empirical conclusions.
ZAF,South Africa,2002,S&P,BB+,Stable,upgrade,2002-06-13,11,synthetic_demo_only,SYNTHETIC DEMO DATA — generated by scripts/make_sample_data.py. NOT real sovereign ratings. Do not use for empirical conclusions.
KOR,"Korea, Rep.",2000,Moody's,A2,Stable,assign,,16,synthetic_demo_only,SYNTHETIC DEMO DATA — generated by scripts/make_sample_data.py. NOT real sovereign ratings. Do not use for empirical conclusions.
IND,India,2000,Fitch,BBB-,Stable,assign,2000-02-19,12,synthetic_demo_only,SYNTHETIC DEMO DATA — generated by scripts/make_sample_data.py. NOT real sovereign ratings. Do not use for empirical conclusions.
TUR,Turkiye,2000,S&P,B+,Stable,assign,2000-07-17,8,synthetic_demo_only,SYNTHETIC DEMO DATA — generated by scripts/make_sample_data.py. NOT real sovereign ratings. Do not use for empirical conclusions.
ARG,Argentina,2021,Moody's,Ca,Stable,upgrade,2021-02-01,2,synthetic_demo_only,SYNTHETIC DEMO DATA — generated by scripts/make_sample_data.py. NOT real sovereign ratings. Do not use for empirical conclusions.
JPN,Japan,2022,S&P,AA-,,downgrade,2022-05-20,18,synthetic_demo_only,SYNTHETIC DEMO DATA — generated by scripts/make_sample_data.py. NOT real sovereign ratings. Do not use for empirical conclusions.
IDN,Indonesia,2012,Moody's,Ba1,Stable,downgrade,2012-03-20,11,synthetic_demo_only,SYNTHETIC DEMO DATA — generated by scripts/make_sample_data.py. NOT real sovereign ratings. Do not use for empirical conclusions.
MEX,Mexico,2022,Fitch,BB,Stable,upgrade,2022-10-09,10,synthetic_demo_only,SYNTHETIC DEMO DATA — generated by scripts/make_sample_data.py. NOT real sovereign ratings. Do not use for empirical conclusions.
ITA,Italy,2000,S&P,BBB+,Stable,assign,2000-03-08,14,synthetic_demo_only,SYNTHETIC DEMO DATA — generated by scripts/make_sample_data.py. NOT real sovereign ratings. Do not use for empirical conclusions.
RUS,Russian Federation,2015,Moody's,Caa2,Stable,downgrade,2015-08-07,4,synthetic_demo_only,SYNTHETIC DEMO DATA — generated by scripts/make_sample_data.py. NOT real sovereign ratings. Do not use for empirical conclusions.
KOR,"Korea, Rep.",2019,Fitch,A,Stable,downgrade,2019-08-14,16,synthetic_demo_only,SYNTHETIC DEMO DATA — generated by scripts/make_sample_data.py. NOT real sovereign ratings. Do not use for empirical conclusions.
KOR,"Korea, Rep.",2022,Moody's,A1,Stable,upgrade,2022-09-15,17,synthetic_demo_only,SYNTHETIC DEMO DATA — generated by scripts/make_sample_data.py. NOT real sovereign ratings. Do not use for empirical conclusions.
CHN,China,2013,Moody's,Baa1,Stable,downgrade,2013-06-15,14,synthetic_demo_only,SYNTHETIC DEMO DATA — generated by scripts/make_sample_data.py. NOT real sovereign ratings. Do not use for empirical conclusions.
IND,India,2013,S&P,BBB-,Developing,downgrade,2013-10-08,12,synthetic_demo_only,SYNTHETIC DEMO DATA — generated by scripts/make_sample_data.py. NOT real sovereign ratings. Do not use for empirical conclusions.
FRA,France,2011,S&P,AA+,Stable,upgrade,2011-01-11,20,synthetic_demo_only,SYNTHETIC DEMO DATA — generated by scripts/make_sample_data.py. NOT real sovereign ratings. Do not use for empirical conclusions.
CHN,China,2009,Fitch,A,Stable,upgrade,2009-01-16,16,synthetic_demo_only,SYNTHETIC DEMO DATA — generated by scripts/make_sample_data.py. NOT real sovereign ratings. Do not use for empirical conclusions.
FRA,France,2022,Fitch,AA-,Stable,upgrade,2022-02-23,18,synthetic_demo_only,SYNTHETIC DEMO DATA — generated by scripts/make_sample_data.py. NOT real sovereign ratings. Do not use for empirical conclusions.
IND,India,2020,Moody's,Ba2,Stable,downgrade,2020-07-27,10,synthetic_demo_only,SYNTHETIC DEMO DATA — generated by scripts/make_sample_data.py. NOT real sovereign ratings. Do not use for empirical conclusions.
IDN,Indonesia,2017,S&P,BBB-,Stable,downgrade,2017-12-16,12,synthetic_demo_only,SYNTHETIC DEMO DATA — generated by scripts/make_sample_data.py. NOT real sovereign ratings. Do not use for empirical conclusions.
CHN,China,2001,S&P,A,Stable,upgrade,2001-07-06,16,synthetic_demo_only,SYNTHETIC DEMO DATA — generated by scripts/make_sample_data.py. NOT real sovereign ratings. Do not use for empirical conclusions.
FRA,France,2019,S&P,AA-,Stable,downgrade,2019-08-10,18,synthetic_demo_only,SYNTHETIC DEMO DATA — generated by scripts/make_sample_data.py. NOT real sovereign ratings. Do not use for empirical conclusions.
FRA,France,2018,Moody's,Aa2,Stable,upgrade,2018-07-06,19,synthetic_demo_only,SYNTHETIC DEMO DATA — generated by scripts/make_sample_data.py. NOT real sovereign ratings. Do not use for empirical conclusions.
FRA,France,2011,Moody's,Aa2,Stable,upgrade,2011-12-15,19,synthetic_demo_only,SYNTHETIC DEMO DATA — generated by scripts/make_sample_data.py. NOT real sovereign ratings. Do not use for empirical conclusions.
RUS,Russian Federation,2021,Moody's,B2,Stable,downgrade,2021-04-07,7,synthetic_demo_only,SYNTHETIC DEMO DATA — generated by scripts/make_sample_data.py. NOT real sovereign ratings. Do not use for empirical conclusions.
ITA,Italy,2022,Fitch,BBB,Stable,upgrade,2022-04-22,13,synthetic_demo_only,SYNTHETIC DEMO DATA — generated by scripts/make_sample_data.py. NOT real sovereign ratings. Do not use for empirical conclusions.
MEX,Mexico,2017,Moody's,Ba2,n/a,downgrade,2017-06-23,10,synthetic_demo_only,SYNTHETIC DEMO DATA — generated by scripts/make_sample_data.py. NOT real sovereign ratings. Do not use for empirical conclusions.
ARG,Argentina,2000,S&P,CCCu,Stable,assign,2000-09-10,4,synthetic_demo_only,SYNTHETIC DEMO DATA — generated by scripts/make_sample_data.py. NOT real sovereign ratings. Do not use for empirical conclusions.
IND,India,2015,S&P,BB+,Stable,downgrade,2015-02-08,11,synthetic_demo_only,SYNTHETIC DEMO DATA — generated by scripts/make_sample_data.py. NOT real sovereign ratings. Do not use for empirical conclusions.
JPN,Japan,2012,Fitch,AA,Stable,upgrade,2012-03-08,19,synthetic_demo_only,SYNTHETIC DEMO DATA — generated by scripts/make_sample_data.py. NOT real sovereign ratings. Do not use for empirical conclusions.
BRA,Brazil,2018,Moody's,Ba2,Stable,downgrade,2018-11-22,10,synthetic_demo_only,SYNTHETIC DEMO DATA — generated by scripts/make_sample_data.py. NOT real sovereign ratings. Do not use for empirical conclusions.
BRA,Brazil,2012,Moody's,Ba1,Stable,upgrade,2012-04-20,11,synthetic_demo_only,SYNTHETIC DEMO DATA — generated by scripts/make_sample_data.py. NOT real sovereign ratings. Do not use for empirical conclusions.
GBR,United Kingdom,2000,S&P,AA+,Stable,assign,2000-08-08,20,synthetic_demo_only,SYNTHETIC DEMO DATA — generated by scripts/make_sample_data.py. NOT real sovereign ratings. Do not use for empirical conclusions.
BRA,Brazil,2015,S&P,B+,n/a,downgrade,2015-06-17,8,synthetic_demo_only,SYNTHETIC DEMO DATA — generated by scripts/make_sample_data.py. NOT real sovereign ratings. Do not use for empirical conclusions.
USA,United States,2020,Moody's,Aa2,Stable,downgrade,2020-06-25,19,synthetic_demo_only,SYNTHETIC DEMO DATA — generated by scripts/make_sample_data.py. NOT real sovereign ratings. Do not use for empirical conclusions.
TUR,Turkiye,2009,Moody's,B1,Stable,upgrade,2009-01-05,8,synthetic_demo_only,SYNTHETIC DEMO DATA — generated by scripts/make_sample_data.py. NOT real sovereign ratings. Do not use for empirical conclusions.
CHN,China,2008,S&P,A,Stable,upgrade,2008-11-17,16,synthetic_demo_only,SYNTHETIC DEMO DATA — generated by scripts/make_sample_data.py. NOT real sovereign ratings. Do not use for empirical conclusions.
KOR,"Korea, Rep.",2019,S&P,A+,Stable,upgrade,2019-03-17,17,synthetic_demo_only,SYNTHETIC DEMO DATA — generated by scripts/make_sample_data.py. NOT real sovereign ratings. Do not use for empirical conclusions.
ZAF,South Africa,2023,Fitch,BB+,Developing,downgrade,2023-10-08,11,synthetic_demo_only,SYNTHETIC DEMO DATA — generated by scripts/make_sample_data.py. NOT real sovereign ratings. Do not use for empirical conclusions.
ZAF,South Africa,2010,Moody's,Ba2,Stable,downgrade,2010-12-15,10,synthetic_demo_only,SYNTHETIC DEMO DATA — generated by scripts/make_sample_data.py. NOT real sovereign ratings. Do not use for empirical conclusions.
ARG,Argentina,2003,S&P,CC,Stable,upgrade,2003-07-15,2,synthetic_demo_only,SYNTHETIC DEMO DATA — generated by scripts/make_sample_data.py. NOT real sovereign ratings. Do not use for empirical conclusions.
ITA,Italy,2004,Fitch,BBB+,Stable,downgrade,2004-03-05,14,synthetic_demo_only,SYNTHETIC DEMO DATA — generated by scripts/make_sample_data.py. NOT real sovereign ratings. Do not use for empirical conclusions.
KOR,"Korea, Rep.",2013,Moody's,A2,Stable,downgrade,2013-08-04,16,synthetic_demo_only,SYNTHETIC DEMO DATA — generated by scripts/make_sample_data.py. NOT real sovereign ratings. Do not use for empirical conclusions.
RUS,Russian Federation,2000,Moody's,Ba3,Stable,assign,2000-08-16,9,synthetic_demo_only,SYNTHETIC DEMO DATA — generated by scripts/make_sample_data.py. NOT real sovereign ratings. Do not use for empirical conclusions.
TUR,Turkiye,2011,Fitch,B,Stable,downgrade,2011-01-08,7,synthetic_demo_only,SYNTHETIC DEMO DATA — generated by scripts/make_sample_data.py. NOT real sovereign ratings. Do not use for empirical conclusions.
IND,India,2012,S&P,BBB,Stable,upgrade,2012-04-12,13,synthetic_demo_only,SYNTHETIC DEMO DATA — generated by scripts/make_sample_data.py. NOT real sovereign ratings. Do not use for empirical conclusions.
JPN,Japan,2000,Moody's,Aa3,Developing,assign,2000-11-23,18,synthetic_demo_only,SYNTHETIC DEMO DATA — generated by scripts/make_sample_data.py. NOT real sovereign ratings. Do not use for empirical conclusions.
ESP,Spain,2016,Fitch,A+,Stable,upgrade,2016-05-10,17,synthetic_demo_only,SYNTHETIC DEMO DATA — generated by scripts/make_sample_data.py. NOT real sovereign ratings. Do not use for empirical conclusions.
CHN,China,2023,Fitch,A+,Stable,downgrade,2023-11-19,17,synthetic_demo_only,SYNTHETIC DEMO DATA — generated by scripts/make_sample_data.py. NOT real sovereign ratings. Do not use for empirical conclusions.
JPN,Japan,2021,Moody's,Aa1,Stable,upgrade,2021-03-02,20,synthetic_demo_only,SYNTHETIC DEMO DATA — generated by scripts/make_sample_data.py. NOT real sovereign ratings. Do not use for empirical conclusions.
MEX,Mexico,2009,Fitch,BB+u,Stable,upgrade,2009-01-19,11,synthetic_demo_only,SYNTHETIC DEMO DATA — generated by scripts/make_sample_data.py. NOT real sovereign ratings. Do not use for empirical conclusions.
ZAF,South Africa,2019,Moody's,Ba1,Stable,upgrade,2019-11-27,11,synthetic_demo_only,SYNTHETIC DEMO DATA — generated by scripts/make_sample_data.py. NOT real sovereign ratings. Do not use for empirical conclusions.
NGA,Nigeria,2005,Fitch,Bu,Stable,downgrade,2005-08-04,7,synthetic_demo_only,SYNTHETIC DEMO DATA — generated by scripts/make_sample_data.py. NOT real sovereign ratings. Do not use for empirical conclusions.
IDN,Indonesia,2015,Moody's,Baa2,Stable,upgrade,2015-05-21,13,synthetic_demo_only,SYNTHETIC DEMO DATA — generated by scripts/make_sample_data.py. NOT real sovereign ratings. Do not use for empirical conclusions.
CHN,China,2000,Fitch,A-,Stable,assign,2000-11-12,15,synthetic_demo_only,SYNTHETIC DEMO DATA — generated by scripts/make_sample_data.py. NOT real sovereign ratings. Do not use for empirical conclusions.
NGA,Nigeria,2000,S&P,B,Stable,assign,2000-07-05,7,synthetic_demo_only,SYNTHETIC DEMO DATA — generated by scripts/make_sample_data.py. NOT real sovereign ratings. Do not use for empirical conclusions.
IND,India,2005,S&P,BB+,Stable,upgrade,2005-04-10,11,synthetic_demo_only,SYNTHETIC DEMO DATA — generated by scripts/make_sample_data.py. NOT real sovereign ratings. Do not use for empirical conclusions.
ESP,Spain,2023,Moody's,A3,Stable,downgrade,,15,synthetic_demo_only,SYNTHETIC DEMO DATA — generated by scripts/make_sample_data.py. NOT real sovereign ratings. Do not use for empirical conclusions.
JPN,Japan,2009,Moody's,A2,Stable,downgrade,2009-09-13,16,synthetic_demo_only,SYNTHETIC DEMO DATA — generated by scripts/make_sample_data.py. NOT real sovereign ratings. Do not use for empirical conclusions.
IDN,Indonesia,2015,Fitch,BBB,Stable,upgrade,2015-10-18,13,synthetic_demo_only,SYNTHETIC DEMO DATA — generated by scripts/make_sample_data.py. NOT real sovereign ratings. Do not use for empirical conclusions.
FRA,France,2016,Fitch,AA,Stable,upgrade,2016-01-08,19,synthetic_demo_only,SYNTHETIC DEMO DATA — generated by scripts/make_sample_data.py. NOT real sovereign ratings. Do not use for empirical conclusions.
ARG,Argentina,2021,S&P,CC,Stable,upgrade,2021-03-25,2,synthetic_demo_only,SYNTHETIC DEMO DATA — generated by scripts/make_sample_data.py. NOT real sovereign ratings. Do not use for empirical conclusions.
ITA,Italy,2009,Moody's,Ba1,Stable,downgrade,2009-04-27,11,synthetic_demo_only,SYNTHETIC DEMO DATA — generated by scripts/make_sample_data.py. NOT real sovereign ratings. Do not use for empirical conclusions.
BRA,Brazil,2010,Fitch,BB-,Stable,downgrade,2010-05-07,9,synthetic_demo_only,SYNTHETIC DEMO DATA — generated by scripts/make_sample_data.py. NOT real sovereign ratings. Do not use for empirical conclusions.
DEU,Germany,2000,Fitch,AAA,Stable,assign,2000-02-03,21,synthetic_demo_only,SYNTHETIC DEMO DATA — generated by scripts/make_sample_data.py. NOT real sovereign ratings. Do not use for empirical conclusions.
ARG,Argentina,2022,Fitch,CC,Stable,upgrade,2022-10-19,2,synthetic_demo_only,SYNTHETIC DEMO DATA — generated by scripts/make_sample_data.py. NOT real sovereign ratings. Do not use for empirical conclusions.
GBR,United Kingdom,2002,Moody's,Aaa,Stable,upgrade,2002-06-17,21,synthetic_demo_only,SYNTHETIC DEMO DATA — generated by scripts/make_sample_data.py. NOT real sovereign ratings. Do not use for empirical conclusions.
TUR,Turkiye,2002,S&P,BB-,Stable,upgrade,2002-01-25,9,synthetic_demo_only,SYNTHETIC DEMO DATA — generated by scripts/make_sample_data.py. NOT real sovereign ratings. Do not use for empirical conclusions.
FRA,France,2013,S&P,AA,Stable,downgrade,2013-03-25,19,synthetic_demo_only,SYNTHETIC DEMO DATA — generated by scripts/make_sample_data.py. NOT real sovereign ratings. Do not use for empirical conclusions.
IDN,Indonesia,2015,S&P,BBB,Stable,upgrade,2015-01-17,13,synthetic_demo_only,SYNTHETIC DEMO DATA — generated by scripts/make_sample_data.py. NOT real sovereign ratings. Do not use for empirical conclusions.
CHN,China,2011,Moody's,A2,Stable,upgrade,2011-12-11,16,synthetic_demo_only,SYNTHETIC DEMO DATA — generated by scripts/make_sample_data.py. NOT real sovereign ratings. Do not use for empirical conclusions.
ITA,Italy,2023,Fitch,BBB-,Stable,downgrade,2023-05-06,12,synthetic_demo_only,SYNTHETIC DEMO DATA — generated by scripts/make_sample_data.py. NOT real sovereign ratings. Do not use for empirical conclusions.
ARG,Argentina,2014,S&P,CCC-,Stable,downgrade,2014-08-04,3,synthetic_demo_only,SYNTHETIC DEMO DATA — generated by scripts/make_sample_data.py. NOT real sovereign ratings. Do not use for empirical conclusions.
TUR,Turkiye,2022,Moody's,B2,,downgrade,,7,synthetic_demo_only,SYNTHETIC DEMO DATA — generated by scripts/make_sample_data.py. NOT real sovereign ratings. Do not use for empirical conclusions.
NGA,Nigeria,2009,Fitch,B+,Stable,upgrade,2009-07-03,8,synthetic_demo_only,SYNTHETIC DEMO DATA — generated by scripts/make_sample_data.py. NOT real sovereign ratings. Do not use for empirical conclusions.
NGA,Nigeria,2014,S&P,BB-,Stable,downgrade,2014-09-20,9,synthetic_demo_only,SYNTHETIC DEMO DATA — generated by scripts/make_sample_data.py. NOT real sovereign ratings. Do not use for empirical conclusions.
MEX,Mexico,2017,S&P,BB,Stable,downgrade,2017-01-12,10,synthetic_demo_only,SYNTHETIC DEMO DATA — generated by scripts/make_sample_data.py. NOT real sovereign ratings. Do not use for empirical conclusions.
RUS,Russian Federation,2002,Moody's,B1,Stable,downgrade,2002-08-19,8,synthetic_demo_only,SYNTHETIC DEMO DATA — generated by scripts/make_sample_data.py. NOT real sovereign ratings. Do not use for empirical conclusions.
GBR,United Kingdom,2018,Fitch,AA,Stable,downgrade,2018-11-19,19,synthetic_demo_only,SYNTHETIC DEMO DATA — generated by scripts/make_sample_data.py. NOT real sovereign ratings. Do not use for empirical conclusions.
ESP,Spain,2018,Fitch,A-,n/a,downgrade,2018-06-06,15,synthetic_demo_only,SYNTHETIC DEMO DATA — generated by scripts/make_sample_data.py. NOT real sovereign ratings. Do not use for empirical conclusions.
ITA,Italy,2011,S&P,B+,Stable,downgrade,2011-09-11,8,synthetic_demo_only,SYNTHETIC DEMO DATA — generated by scripts/make_sample_data.py. NOT real sovereign ratings. Do not use for empirical conclusions.
NGA,Nigeria,2022,Fitch,BB-,Stable,upgrade,2022-10-15,9,synthetic_demo_only,SYNTHETIC DEMO DATA — generated by scripts/make_sample_data.py. NOT real sovereign ratings. Do not use for empirical conclusions.
FRA,France,2013,Moody's,Aa3,Stable,downgrade,2013-05-22,18,synthetic_demo_only,SYNTHETIC DEMO DATA — generated by scripts/make_sample_data.py. NOT real sovereign ratings. Do not use for empirical conclusions.
CHN,China,2016,Fitch,A-,Stable,downgrade,2016-11-14,15,synthetic_demo_only,SYNTHETIC DEMO DATA — generated by scripts/make_sample_data.py. NOT real sovereign ratings. Do not use for empirical conclusions.
ARG,Argentina,2008,Fitch,CCC,Stable,upgrade,2008-10-05,4,synthetic_demo_only,SYNTHETIC DEMO DATA — generated by scripts/make_sample_data.py. NOT real sovereign ratings. Do not use for empirical conclusions.
BRA,Brazil,2007,Moody's,Ba2,Stable,upgrade,2007-07-02,10,synthetic_demo_only,SYNTHETIC DEMO DATA — generated by scripts/make_sample_data.py. NOT real sovereign ratings. Do not use for empirical conclusions.
ZAF,South Africa,2004,S&P,BBB-,Stable,upgrade,2004-06-09,12,synthetic_demo_only,SYNTHETIC DEMO DATA — generated by scripts/make_sample_data.py. NOT real sovereign ratings. Do not use for empirical conclusions.
GBR,United Kingdom,2003,S&P,AAA,Stable,upgrade,2003-12-03,21,synthetic_demo_only,SYNTHETIC DEMO DATA — generated by scripts/make_sample_data.py. NOT real sovereign ratings. Do not use for empirical conclusions.
DEU,Germany,2021,Fitch,AA+u,Stable,downgrade,2021-01-26,20,synthetic_demo_only,SYNTHETIC DEMO DATA — generated by scripts/make_sample_data.py. NOT real sovereign ratings. Do not use for empirical conclusions.
IND,India,2011,S&P,BBB-,Stable,upgrade,2011-06-15,12,synthetic_demo_only,SYNTHETIC DEMO DATA — generated by scripts/make_sample_data.py. NOT real sovereign ratings. Do not use for empirical conclusions.
ARG,Argentina,2012,Moody's,Caa1,Stable,upgrade,2012-02-03,5,synthetic_demo_only,SYNTHETIC DEMO DATA — generated by scripts/make_sample_data.py. NOT real sovereign ratings. Do not use for empirical conclusions.
RUS,Russian Federation,2003,Fitch,BB-,,downgrade,2003-07-07,9,synthetic_demo_only,SYNTHETIC DEMO DATA — generated by scripts/make_sample_data.py. NOT real sovereign ratings. Do not use for empirical conclusions.
ESP,Spain,2011,S&P,BBB+,,downgrade,2011-03-02,14,synthetic_demo_only,SYNTHETIC DEMO DATA — generated by scripts/make_sample_data.py. NOT real sovereign ratings. Do not use for empirical conclusions.
MEX,Mexico,2005,S&P,BBB-,Stable,upgrade,2005-02-11,12,synthetic_demo_only,SYNTHETIC DEMO DATA — generated by scripts/make_sample_data.py. NOT real sovereign ratings. Do not use for empirical conclusions.
ESP,Spain,2018,S&P,A-,Stable,downgrade,2018-06-05,15,synthetic_demo_only,SYNTHETIC DEMO DATA — generated by scripts/make_sample_data.py. NOT real sovereign ratings. Do not use for empirical conclusions.
DEU,Germany,2000,Moody's,Aaa,Developing,assign,2000-05-09,21,synthetic_demo_only,SYNTHETIC DEMO DATA — generated by scripts/make_sample_data.py. NOT real sovereign ratings. Do not use for empirical conclusions.
RUS,Russian Federation,2017,S&P,B+,Stable,downgrade,2017-12-27,8,synthetic_demo_only,SYNTHETIC DEMO DATA — generated by scripts/make_sample_data.py. NOT real sovereign ratings. Do not use for empirical conclusions.
ZAF,South Africa,2000,Moody's,Ba2,Stable,assign,2000-10-08,10,synthetic_demo_only,SYNTHETIC DEMO DATA — generated by scripts/make_sample_data.py. NOT real sovereign ratings. Do not use for empirical conclusions.
KOR,"Korea, Rep.",2023,Moody's,A3,Stable,downgrade,2023-03-20,15,synthetic_demo_only,SYNTHETIC DEMO DATA — generated by scripts/make_sample_data.py. NOT real sovereign ratings. Do not use for empirical conclusions.
ZAF,South Africa,2000,Fitch,BB,Stable,assign,2000-08-22,10,synthetic_demo_only,SYNTHETIC DEMO DATA — generated by scripts/make_sample_data.py. NOT real sovereign ratings. Do not use for empirical conclusions.
ITA,Italy,2013,S&P,BBB-,Stable,upgrade,2013-05-26,12,synthetic_demo_only,SYNTHETIC DEMO DATA — generated by scripts/make_sample_data.py. NOT real sovereign ratings. Do not use for empirical conclusions.
FRA,France,2006,Moody's,Aa1,Developing,upgrade,2006-03-12,20,synthetic_demo_only,SYNTHETIC DEMO DATA — generated by scripts/make_sample_data.py. NOT real sovereign ratings. Do not use for empirical conclusions.
FRA,France,2021,Fitch,A+,Stable,downgrade,2021-02-15,17,synthetic_demo_only,SYNTHETIC DEMO DATA — generated by scripts/make_sample_data.py. NOT real sovereign ratings. Do not use for empirical conclusions.
CHN,China,2004,Moody's,Baa2,Stable,downgrade,2004-08-13,13,synthetic_demo_only,SYNTHETIC DEMO DATA — generated by scripts/make_sample_data.py. NOT real sovereign ratings. Do not use for empirical conclusions.
ITA,Italy,2000,Moody's,Baa1,,assign,2000-05-09,14,synthetic_demo_only,SYNTHETIC DEMO DATA — generated by scripts/make_sample_data.py. NOT real sovereign ratings. Do not use for empirical conclusions.
NGA,Nigeria,2011,S&P,BB,Stable,upgrade,2011-04-14,10,synthetic_demo_only,SYNTHETIC DEMO DATA — generated by scripts/make_sample_data.py. NOT real sovereign ratings. Do not use for empirical conclusions.
NGA,Nigeria,2016,Moody's,Caa1,Developing,downgrade,2016-04-18,5,synthetic_demo_only,SYNTHETIC DEMO DATA — generated by scripts/make_sample_data.py. NOT real sovereign ratings. Do not use for empirical conclusions.
IND,India,2014,Moody's,Ba1,Stable,downgrade,2014-10-20,11,synthetic_demo_only,SYNTHETIC DEMO DATA — generated by scripts/make_sample_data.py. NOT real sovereign ratings. Do not use for empirical conclusions.
GBR,United Kingdom,2013,S&P,AA+,Stable,downgrade,2013-02-06,20,synthetic_demo_only,SYNTHETIC DEMO DATA — generated by scripts/make_sample_data.py. NOT real sovereign ratings. Do not use for empirical conclusions.
BRA,Brazil,2001,Fitch,BB+,,upgrade,2001-10-11,11,synthetic_demo_only,SYNTHETIC DEMO DATA — generated by scripts/make_sample_data.py. NOT real sovereign ratings. Do not use for empirical conclusions.
ESP,Spain,2016,Moody's,A1,Stable,upgrade,2016-08-20,17,synthetic_demo_only,SYNTHETIC DEMO DATA — generated by scripts/make_sample_data.py. NOT real sovereign ratings. Do not use for empirical conclusions.
KOR,"Korea, Rep.",2023,S&P,A,Stable,downgrade,2023-01-15,16,synthetic_demo_only,SYNTHETIC DEMO DATA — generated by scripts/make_sample_data.py. NOT real sovereign ratings. Do not use for empirical conclusions.
ESP,Spain,2022,S&P,A,Stable,upgrade,2022-09-22,16,synthetic_demo_only,SYNTHETIC DEMO DATA — generated by scripts/make_sample_data.py. NOT real sovereign ratings. Do not use for empirical conclusions.
FRA,France,2009,S&P,AA-,Stable,downgrade,2009-08-16,18,synthetic_demo_only,SYNTHETIC DEMO DATA — generated by scripts/make_sample_data.py. NOT real sovereign ratings. Do not use for empirical conclusions.
DEU,Germany,2004,Moody's,Aa2,Stable,downgrade,2004-04-03,19,synthetic_demo_only,SYNTHETIC DEMO DATA — generated by scripts/make_sample_data.py. NOT real sovereign ratings. Do not use for empirical conclusions.
ITA,Italy,2007,S&P,BBB,Stable,downgrade,2007-01-15,13,synthetic_demo_only,SYNTHETIC DEMO DATA — generated by scripts/make_sample_data.py. NOT real sovereign ratings. Do not use for empirical conclusions.
NGA,Nigeria,2012,Moody's,Ba2,Stable,upgrade,2012-02-10,10,synthetic_demo_only,SYNTHETIC DEMO DATA — generated by scripts/make_sample_data.py. NOT real sovereign ratings. Do not use for empirical conclusions.
MEX,Mexico,2007,Fitch,BB,Stable,downgrade,2007-05-13,10,synthetic_demo_only,SYNTHETIC DEMO DATA — generated by scripts/make_sample_data.py. NOT real sovereign ratings. Do not use for empirical conclusions.
FRA,France,2014,Fitch,AA-,Stable,downgrade,2014-12-09,18,synthetic_demo_only,SYNTHETIC DEMO DATA — generated by scripts/make_sample_data.py. NOT real sovereign ratings. Do not use for empirical conclusions.
IND,India,2000,Moody's,Baa3,Stable,assign,2000-05-04,12,synthetic_demo_only,SYNTHETIC DEMO DATA — generated by scripts/make_sample_data.py. NOT real sovereign ratings. Do not use for empirical conclusions.
TUR,Turkiye,2004,S&P,B+,Stable,downgrade,2004-04-22,8,synthetic_demo_only,SYNTHETIC DEMO DATA — generated by scripts/make_sample_data.py. NOT real sovereign ratings. Do not use for empirical conclusions.
KOR,"Korea, Rep.",2012,Moody's,A1,Developing,upgrade,2012-01-04,17,synthetic_demo_only,SYNTHETIC DEMO DATA — generated by scripts/make_sample_data.py. NOT real sovereign ratings. Do not use for empirical conclusions.
ZAF,South Africa,2022,Moody's,Ba3,Developing,downgrade,2022-03-06,9,synthetic_demo_only,SYNTHETIC DEMO DATA — generated by scripts/make_sample_data.py. NOT real sovereign ratings. Do not use for empirical conclusions.
IDN,Indonesia,2013,S&P,BB,Stable,downgrade,2013-04-11,10,synthetic_demo_only,SYNTHETIC DEMO DATA — generated by scripts/make_sample_data.py. NOT real sovereign ratings. Do not use for empirical conclusions.
ESP,Spain,2013,S&P,A,Stable,upgrade,2013-12-13,16,synthetic_demo_only,SYNTHETIC DEMO DATA — generated by scripts/make_sample_data.py. NOT real sovereign ratings. Do not use for empirical conclusions.
FRA,France,2022,Moody's,Aa3,Stable,upgrade,2022-09-24,18,synthetic_demo_only,SYNTHETIC DEMO DATA — generated by scripts/make_sample_data.py. NOT real sovereign ratings. Do not use for empirical conclusions.
ARG,Argentina,2014,Fitch,CCC-,Stable,downgrade,2014-02-27,3,synthetic_demo_only,SYNTHETIC DEMO DATA — generated by scripts/make_sample_data.py. NOT real sovereign ratings. Do not use for empirical conclusions.
MEX,Mexico,2000,Moody's,Baa3,Stable,assign,2000-03-18,12,synthetic_demo_only,SYNTHETIC DEMO DATA — generated by scripts/make_sample_data.py. NOT real sovereign ratings. Do not use for empirical conclusions.
IND,India,2004,S&P,BB,Stable,downgrade,2004-04-08,10,synthetic_demo_only,SYNTHETIC DEMO DATA — generated by scripts/make_sample_data.py. NOT real sovereign ratings. Do not use for empirical conclusions.
GBR,United Kingdom,2015,S&P,AA,Developing,downgrade,2015-05-09,19,synthetic_demo_only,SYNTHETIC DEMO DATA — generated by scripts/make_sample_data.py. NOT real sovereign ratings. Do not use for empirical conclusions.
MEX,Mexico,2006,S&P,BBB,Stable,upgrade,2006-08-04,13,synthetic_demo_only,SYNTHETIC DEMO DATA — generated by scripts/make_sample_data.py. NOT real sovereign ratings. Do not use for empirical conclusions.
FRA,France,2000,Moody's,Aa2,Stable,assign,2000-07-24,19,synthetic_demo_only,SYNTHETIC DEMO DATA — generated by scripts/make_sample_data.py. NOT real sovereign ratings. Do not use for empirical conclusions.
ITA,Italy,2011,Fitch,BB-u,Stable,downgrade,2011-03-15,9,synthetic_demo_only,SYNTHETIC DEMO DATA — generated by scripts/make_sample_data.py. NOT real sovereign ratings. Do not use for empirical conclusions.
ZAF,South Africa,2014,S&P,BB,Stable,downgrade,2014-04-10,10,synthetic_demo_only,SYNTHETIC DEMO DATA — generated by scripts/make_sample_data.py. NOT real sovereign ratings. Do not use for empirical conclusions.
BRA,Brazil,2023,S&P,BB-,Stable,downgrade,,9,synthetic_demo_only,SYNTHETIC DEMO DATA — generated by scripts/make_sample_data.py. NOT real sovereign ratings. Do not use for empirical conclusions.
MEX,Mexico,2018,S&P,BB+,Stable,upgrade,2018-06-01,11,synthetic_demo_only,SYNTHETIC DEMO DATA — generated by scripts/make_sample_data.py. NOT real sovereign ratings. Do not use for empirical conclusions.
ZAF,South Africa,2000,S&P,BB,Stable,assign,2000-06-12,10,synthetic_demo_only,SYNTHETIC DEMO DATA — generated by scripts/make_sample_data.py. NOT real sovereign ratings. Do not use for empirical conclusions.
BRA,Brazil,2013,S&P,BBB,Stable,upgrade,2013-06-04,13,synthetic_demo_only,SYNTHETIC DEMO DATA — generated by scripts/make_sample_data.py. NOT real sovereign ratings. Do not use for empirical conclusions.
CHN,China,2022,S&P,AA-,Stable,upgrade,2022-08-15,18,synthetic_demo_only,SYNTHETIC DEMO DATA — generated by scripts/make_sample_data.py. NOT real sovereign ratings. Do not use for empirical conclusions.
JPN,Japan,2002,S&P,AA,Stable,upgrade,2002-12-27,19,synthetic_demo_only,SYNTHETIC DEMO DATA — generated by scripts/make_sample_data.py. NOT real sovereign ratings. Do not use for empirical conclusions.
FRA,France,2018,S&P,AA,Stable,downgrade,2018-04-01,19,synthetic_demo_only,SYNTHETIC DEMO DATA — generated by scripts/make_sample_data.py. NOT real sovereign ratings. Do not use for empirical conclusions.
ARG,Argentina,2018,S&P,C/D,Stable,downgrade,2018-01-05,1,synthetic_demo_only,SYNTHETIC DEMO DATA — generated by scripts/make_sample_data.py. NOT real sovereign ratings. Do not use for empirical conclusions.
NGA,Nigeria,2009,S&P,BB-u,Stable,upgrade,2009-11-03,9,synthetic_demo_only,SYNTHETIC DEMO DATA — generated by scripts/make_sample_data.py. NOT real sovereign ratings. Do not use for empirical conclusions.
GBR,United Kingdom,2010,Moody's,Aa2,Stable,upgrade,2010-04-07,19,synthetic_demo_only,SYNTHETIC DEMO DATA — generated by scripts/make_sample_data.py. NOT real sovereign ratings. Do not use for empirical conclusions.
NGA,Nigeria,2003,S&P,BB-,Stable,upgrade,2003-09-16,9,synthetic_demo_only,SYNTHETIC DEMO DATA — generated by scripts/make_sample_data.py. NOT real sovereign ratings. Do not use for empirical conclusions.
FRA,France,2003,Fitch,AAA,Stable,upgrade,2003-05-03,21,synthetic_demo_only,SYNTHETIC DEMO DATA — generated by scripts/make_sample_data.py. NOT real sovereign ratings. Do not use for empirical conclusions.
FRA,France,2013,Fitch,AA,Stable,downgrade,2013-07-12,19,synthetic_demo_only,SYNTHETIC DEMO DATA — generated by scripts/make_sample_data.py. NOT real sovereign ratings. Do not use for empirical conclusions.
IND,India,2008,S&P,BB,Stable,downgrade,2008-03-16,10,synthetic_demo_only,SYNTHETIC DEMO DATA — generated by scripts/make_sample_data.py. NOT real sovereign ratings. Do not use for empirical conclusions.
GBR,United Kingdom,2017,S&P,AA+,Stable,upgrade,2017-01-06,20,synthetic_demo_only,SYNTHETIC DEMO DATA — generated by scripts/make_sample_data.py. NOT real sovereign ratings. Do not use for empirical conclusions.
ESP,Spain,2013,Moody's,A2,Stable,upgrade,2013-07-12,16,synthetic_demo_only,SYNTHETIC DEMO DATA — generated by scripts/make_sample_data.py. NOT real sovereign ratings. Do not use for empirical conclusions.
MEX,Mexico,2017,Fitch,BB-,Stable,downgrade,2017-02-27,9,synthetic_demo_only,SYNTHETIC DEMO DATA — generated by scripts/make_sample_data.py. NOT real sovereign ratings. Do not use for empirical conclusions.
TUR,Turkiye,2006,Fitch,B+,Stable,downgrade,2006-05-27,8,synthetic_demo_only,SYNTHETIC DEMO DATA — generated by scripts/make_sample_data.py. NOT real sovereign ratings. Do not use for empirical conclusions.
ARG,Argentina,2016,Moody's,Caa2,Stable,upgrade,2016-11-04,4,synthetic_demo_only,SYNTHETIC DEMO DATA — generated by scripts/make_sample_data.py. NOT real sovereign ratings. Do not use for empirical conclusions.
KOR,"Korea, Rep.",2010,S&P,A+,Stable,upgrade,2010-10-12,17,synthetic_demo_only,SYNTHETIC DEMO DATA — generated by scripts/make_sample_data.py. NOT real sovereign ratings. Do not use for empirical conclusions.
JPN,Japan,2005,S&P,A,Stable,downgrade,2005-05-13,16,synthetic_demo_only,SYNTHETIC DEMO DATA — generated by scripts/make_sample_data.py. NOT real sovereign ratings. Do not use for empirical conclusions.
ITA,Italy,2002,Fitch,A-,Stable,upgrade,,15,synthetic_demo_only,SYNTHETIC DEMO DATA — generated by scripts/make_sample_data.py. NOT real sovereign ratings. Do not use for empirical conclusions.
NGA,Nigeria,2011,Moody's,Ba3,Stable,upgrade,2011-08-22,9,synthetic_demo_only,SYNTHETIC DEMO DATA — generated by scripts/make_sample_data.py. NOT real sovereign ratings. Do not use for empirical conclusions.
ESP,Spain,2023,S&P,A-,Stable,downgrade,2023-11-25,15,synthetic_demo_only,SYNTHETIC DEMO DATA — generated by scripts/make_sample_data.py. NOT real sovereign ratings. Do not use for empirical conclusions.
CHN,China,2007,Moody's,A3,Stable,upgrade,2007-05-06,15,synthetic_demo_only,SYNTHETIC DEMO DATA — generated by scripts/make_sample_data.py. NOT real sovereign ratings. Do not use for empirical conclusions.
IDN,Indonesia,2011,S&P,BBB,Stable,upgrade,2011-12-08,13,synthetic_demo_only,SYNTHETIC DEMO DATA — generated by scripts/make_sample_data.py. NOT real sovereign ratings. Do not use for empirical conclusions.
ZAF,South Africa,2008,S&P,BB+,,upgrade,2008-07-01,11,synthetic_demo_only,SYNTHETIC DEMO DATA — generated by scripts/make_sample_data.py. NOT real sovereign ratings. Do not use for empirical conclusions.
RUS,Russian Federation,2002,S&P,BB,Stable,upgrade,2002-11-23,10,synthetic_demo_only,SYNTHETIC DEMO DATA — generated by scripts/make_sample_data.py. NOT real sovereign ratings. Do not use for empirical conclusions.
ITA,Italy,2006,Moody's,Baa2,Stable,downgrade,2006-07-05,13,synthetic_demo_only,SYNTHETIC DEMO DATA — generated by scripts/make_sample_data.py. NOT real sovereign ratings. Do not use for empirical conclusions.
JPN,Japan,2000,S&P,AA-,Stable,assign,2000-10-10,18,synthetic_demo_only,SYNTHETIC DEMO DATA — generated by scripts/make_sample_data.py. NOT real sovereign ratings. Do not use for empirical conclusions.
ESP,Spain,2014,Fitch,A-,Stable,downgrade,2014-04-24,15,synthetic_demo_only,SYNTHETIC DEMO DATA — generated by scripts/make_sample_data.py. NOT real sovereign ratings. Do not use for empirical conclusions.
JPN,Japan,2012,Moody's,Aa3,Stable,upgrade,2012-06-18,18,synthetic_demo_only,SYNTHETIC DEMO DATA — generated by scripts/make_sample_data.py. NOT real sovereign ratings. Do not use for empirical conclusions.
GBR,United Kingdom,2007,Fitch,AA+,Stable,downgrade,2007-01-21,20,synthetic_demo_only,SYNTHETIC DEMO DATA — generated by scripts/make_sample_data.py. NOT real sovereign ratings. Do not use for empirical conclusions.
USA,United States,2000,Moody's,Aaa,Stable,assign,2000-03-18,21,synthetic_demo_only,SYNTHETIC DEMO DATA — generated by scripts/make_sample_data.py. NOT real sovereign ratings. Do not use for empirical conclusions.
RUS,Russian Federation,2016,S&P,BB-,Stable,upgrade,2016-03-14,9,synthetic_demo_only,SYNTHETIC DEMO DATA — generated by scripts/make_sample_data.py. NOT real sovereign ratings. Do not use for empirical conclusions.
IDN,Indonesia,2023,Moody's,Baa3,Stable,downgrade,2023-11-12,12,synthetic_demo_only,SYNTHETIC DEMO DATA — generated by scripts/make_sample_data.py. NOT real sovereign ratings. Do not use for empirical conclusions.
ARG,Argentina,2003,Fitch,C/D,Negative,downgrade,2003-04-05,1,synthetic_demo_only,SYNTHETIC DEMO DATA — generated by scripts/make_sample_data.py. NOT real sovereign ratings. Do not use for empirical conclusions.
ITA,Italy,2007,Moody's,Baa3,Stable,downgrade,2007-12-26,12,synthetic_demo_only,SYNTHETIC DEMO DATA — generated by scripts/make_sample_data.py. NOT real sovereign ratings. Do not use for empirical conclusions.
IND,India,2008,Fitch,BB+u,n/a,upgrade,2008-09-02,11,synthetic_demo_only,SYNTHETIC DEMO DATA — generated by scripts/make_sample_data.py. NOT real sovereign ratings. Do not use for empirical conclusions.
NGA,Nigeria,2001,Fitch,B+,Stable,upgrade,2001-08-15,8,synthetic_demo_only,SYNTHETIC DEMO DATA — generated by scripts/make_sample_data.py. NOT real sovereign ratings. Do not use for empirical conclusions.
ARG,Argentina,2012,S&P,B-,Developing,upgrade,2012-03-07,6,synthetic_demo_only,SYNTHETIC DEMO DATA — generated by scripts/make_sample_data.py. NOT real sovereign ratings. Do not use for empirical conclusions.
BRA,Brazil,2018,S&P,BB+,Stable,upgrade,2018-08-17,11,synthetic_demo_only,SYNTHETIC DEMO DATA — generated by scripts/make_sample_data.py. NOT real sovereign ratings. Do not use for empirical conclusions.
JPN,Japan,2010,S&P,A+,Stable,upgrade,2010-03-04,17,synthetic_demo_only,SYNTHETIC DEMO DATA — generated by scripts/make_sample_data.py. NOT real sovereign ratings. Do not use for empirical conclusions.
MEX,Mexico,2008,Moody's,Baa2,Stable,upgrade,2008-08-08,13,synthetic_demo_only,SYNTHETIC DEMO DATA — generated by scripts/make_sample_data.py. NOT real sovereign ratings. Do not use for empirical conclusions.
RUS,Russian Federation,2000,Fitch,BB-,Stable,assign,2000-01-14,9,synthetic_demo_only,SYNTHETIC DEMO DATA — generated by scripts/make_sample_data.py. NOT real sovereign ratings. Do not use for empirical conclusions.
RUS,Russian Federation,2019,Moody's,B1,Stable,upgrade,2019-03-10,8,synthetic_demo_only,SYNTHETIC DEMO DATA — generated by scripts/make_sample_data.py. NOT real sovereign ratings. Do not use for empirical conclusions.
CHN,China,2012,S&P,A-,Stable,downgrade,2012-10-19,15,synthetic_demo_only,SYNTHETIC DEMO DATA — generated by scripts/make_sample_data.py. NOT real sovereign ratings. Do not use for empirical conclusions.
FRA,France,2019,Moody's,A1,Stable,downgrade,2019-02-15,17,synthetic_demo_only,SYNTHETIC DEMO DATA — generated by scripts/make_sample_data.py. NOT real sovereign ratings. Do not use for empirical conclusions.
ESP,Spain,2018,Moody's,A2,Stable,downgrade,2018-10-11,16,synthetic_demo_only,SYNTHETIC DEMO DATA — generated by scripts/make_sample_data.py. NOT real sovereign ratings. Do not use for empirical conclusions.
MEX,Mexico,2014,S&P,BB+,Stable,downgrade,2014-03-23,11,synthetic_demo_only,SYNTHETIC DEMO DATA — generated by scripts/make_sample_data.py. NOT real sovereign ratings. Do not use for empirical conclusions.
NGA,Nigeria,2009,Moody's,B1,Developing,upgrade,2009-06-06,8,synthetic_demo_only,SYNTHETIC DEMO DATA — generated by scripts/make_sample_data.py. NOT real sovereign ratings. Do not use for empirical conclusions.
KOR,"Korea, Rep.",2012,S&P,AA-,Stable,upgrade,2012-05-06,18,synthetic_demo_only,SYNTHETIC DEMO DATA — generated by scripts/make_sample_data.py. NOT real sovereign ratings. Do not use for empirical conclusions.
RUS,Russian Federation,2002,Fitch,BB,Stable,upgrade,2002-12-14,10,synthetic_demo_only,SYNTHETIC DEMO DATA — generated by scripts/make_sample_data.py. NOT real sovereign ratings. Do not use for empirical conclusions.
RUS,Russian Federation,2018,Fitch,B,Stable,downgrade,2018-08-18,7,synthetic_demo_only,SYNTHETIC DEMO DATA — generated by scripts/make_sample_data.py. NOT real sovereign ratings. Do not use for empirical conclusions.
ZAF,South Africa,2006,S&P,BB,Stable,downgrade,2006-02-15,10,synthetic_demo_only,SYNTHETIC DEMO DATA — generated by scripts/make_sample_data.py. NOT real sovereign ratings. Do not use for empirical conclusions.
CHN,China,2018,Fitch,A,Stable,upgrade,2018-02-05,16,synthetic_demo_only,SYNTHETIC DEMO DATA — generated by scripts/make_sample_data.py. NOT real sovereign ratings. Do not use for empirical conclusions.
MEX,Mexico,2004,S&P,BB+,Developing,downgrade,2004-04-04,11,synthetic_demo_only,SYNTHETIC DEMO DATA — generated by scripts/make_sample_data.py. NOT real sovereign ratings. Do not use for empirical conclusions.
USA,United States,2008,Moody's,Aa1,Stable,downgrade,2008-03-06,20,synthetic_demo_only,SYNTHETIC DEMO DATA — generated by scripts/make_sample_data.py. NOT real sovereign ratings. Do not use for empirical conclusions.
GBR,United Kingdom,2017,Fitch,AA+u,Developing,upgrade,2017-10-08,20,synthetic_demo_only,SYNTHETIC DEMO DATA — generated by scripts/make_sample_data.py. NOT real sovereign ratings. Do not use for empirical conclusions.
GBR,United Kingdom,2008,Moody's,Aa3,Stable,downgrade,2008-10-16,18,synthetic_demo_only,SYNTHETIC DEMO DATA — generated by scripts/make_sample_data.py. NOT real sovereign ratings. Do not use for empirical conclusions.
NGA,Nigeria,2021,Moody's,B2,Developing,downgrade,,7,synthetic_demo_only,SYNTHETIC DEMO DATA — generated by scripts/make_sample_data.py. NOT real sovereign ratings. Do not use for empirical conclusions.
IND,India,2000,S&P,BBB-,Stable,assign,2000-04-05,12,synthetic_demo_only,SYNTHETIC DEMO DATA — generated by scripts/make_sample_data.py. NOT real sovereign ratings. Do not use for empirical conclusions.
CHN,China,2022,Moody's,Aa3,,upgrade,2022-04-03,18,synthetic_demo_only,SYNTHETIC DEMO DATA — generated by scripts/make_sample_data.py. NOT real sovereign ratings. Do not use for empirical conclusions.
ARG,Argentina,2006,S&P,B-,Stable,upgrade,2006-04-11,6,synthetic_demo_only,SYNTHETIC DEMO DATA — generated by scripts/make_sample_data.py. NOT real sovereign ratings. Do not use for empirical conclusions.
FRA,France,2000,S&P,AA,Stable,assign,2000-10-20,19,synthetic_demo_only,SYNTHETIC DEMO DATA — generated by scripts/make_sample_data.py. NOT real sovereign ratings. Do not use for empirical conclusions.
BRA,Brazil,2008,S&P,B+,Stable,downgrade,2008-04-20,8,synthetic_demo_only,SYNTHETIC DEMO DATA — generated by scripts/make_sample_data.py. NOT real sovereign ratings. Do not use for empirical conclusions.
KOR,"Korea, Rep.",2012,Fitch,AA-,Stable,upgrade,2012-11-11,18,synthetic_demo_only,SYNTHETIC DEMO DATA — generated by scripts/make_sample_data.py. NOT real sovereign ratings. Do not use for empirical conclusions.
